X,Y,id
6.78067,0.7342823,EIMPGINNW_Thymus MHCLE_Homo sapiens
8.777215,1.3163275,AIIPYFITL_Thymus MHCLE_Homo sapiens
7.884525,-1.8627181,SPQDFGLVL_Thymus MHCLE_Homo sapiens
8.126607,-0.5488193,STFPGFVSW_Thymus MHCLE_Homo sapiens
8.583435,1.035422,EDYLFSVSF_Thymus MHCLE_Homo sapiens
8.290843,-0.23027778,KLGPDGAAF_Thymus MHCLE_Homo sapiens
7.14578,-3.2467296,IPLFVQLLY_Thymus MHCLE_Homo sapiens
8.070011,1.1165818,GVIDKVLLV_Thymus MHCLE_Homo sapiens
6.805867,-2.9870665,SHIPLIIQF_Thymus MHCLE_Homo sapiens
6.8757043,-2.071096,LTDFQKAVY_Thymus MHCLE_Homo sapiens
7.7242255,-2.5761433,AYGSLFNTI_Thymus MHCLE_Homo sapiens
7.278442,-1.0388981,YAASSYLSL_Thymus MHCLE_Homo sapiens
6.532291,0.98609716,SYIEVSHGL_Thymus MHCLE_Homo sapiens
7.2953105,1.275793,VEEEPARPP_Thymus MHCLE_Homo sapiens
7.5803185,-0.8843435,LPASGQIAL_Thymus MHCLE_Homo sapiens
7.1132565,-1.8754005,QADFSVLHY_Thymus MHCLE_Homo sapiens
7.142949,1.4096678,REAEARLLW_Thymus MHCLE_Homo sapiens
6.440682,-0.06923553,SEDVIARTY_Thymus MHCLE_Homo sapiens
8.774761,0.94518554,TEEKFTVLF_Thymus MHCLE_Homo sapiens
8.737887,0.8700163,TYPPFVNFF_Thymus MHCLE_Homo sapiens
5.6332326,-1.4075584,SVLPFQIYY_Thymus MHCLE_Homo sapiens
7.961206,-2.2737632,AILHHLYFY_Thymus MHCLE_Homo sapiens
6.0250115,0.12887768,TLADVLYHV_Thymus MHCLE_Homo sapiens
8.599141,-0.7606148,KLAQLQVAY_Thymus MHCLE_Homo sapiens
8.915953,0.5449978,QQNPQPLIF_Thymus MHCLE_Homo sapiens
5.938713,-0.83838946,GPAPKGSSL_Thymus MHCLE_Homo sapiens
7.5538135,-2.3808367,LIDMGSSLY_Thymus MHCLE_Homo sapiens
8.140443,0.41505826,TLGSLALLY_Thymus MHCLE_Homo sapiens
5.758483,-0.41096002,KPYSPLASL_Thymus MHCLE_Homo sapiens
5.6677384,-1.905758,SLLGGVLRV_Thymus MHCLE_Homo sapiens
6.642758,-1.3344319,QEDDRQLIA_Thymus MHCLE_Homo sapiens
7.274221,0.7020924,SEDSRFITV_Thymus MHCLE_Homo sapiens
7.727682,0.9536116,VEVAGLTSF_Thymus MHCLE_Homo sapiens
6.9687557,-2.3043358,YPYPYPHTL_Thymus MHCLE_Homo sapiens
8.182648,-0.13889703,SQAEIEQKI_Thymus MHCLE_Homo sapiens
5.897607,-1.5318675,SLWGQPAEA_Thymus MHCLE_Homo sapiens
7.5263653,-2.8396509,WSDIPTDQY_Thymus MHCLE_Homo sapiens
7.584142,-1.7790083,TEEIIQVAF_Thymus MHCLE_Homo sapiens
6.9829297,0.21845527,ASTSLIMQL_Thymus MHCLE_Homo sapiens
5.031407,-1.2163868,RPVSSAASV_APC MHCLE_Homo sapiens
7.897998,1.2575227,ESIDKKISR_APC MHCLE_Homo sapiens
7.042284,-1.535956,AAFLGERVF_APC MHCLE_Homo sapiens
8.824384,1.3778746,DIKKIIMGL_APC MHCLE_Homo sapiens
7.0276914,0.92093426,TEIGSIHSA_APC MHCLE_Homo sapiens
7.194218,0.52446645,RSIVRIIGK_APC MHCLE_Homo sapiens
7.258568,0.13504337,SPYHNFDSV_APC MHCLE_Homo sapiens
8.258117,0.815537,EVARELVGR_APC MHCLE_Homo sapiens
5.5829964,-1.0253432,SEILPTKET_APC MHCLE_Homo sapiens
6.8499346,0.88484997,ASFPGANII_APC MHCLE_Homo sapiens
7.1581945,-2.3423326,HEIKSLEDL_APC MHCLE_Homo sapiens
6.3395686,-1.0511597,QEEGYIIAV_APC MHCLE_Homo sapiens
6.569257,-2.1308832,KLAEALPSL_APC MHCLE_Homo sapiens
7.5876946,0.0943264,GSFIHREEY_APC MHCLE_Homo sapiens
5.454001,-1.6458601,AIINYVSKV_APC MHCLE_Homo sapiens
5.9955945,-1.3815806,LLPVLVHTF_APC MHCLE_Homo sapiens
7.528533,-0.50293815,LPRNTVVLF_APC MHCLE_Homo sapiens
7.245031,-1.783876,QFDMTRNLF_APC MHCLE_Homo sapiens
8.0569935,-0.67078376,YSVNDGAQL_APC MHCLE_Homo sapiens
9.083177,1.1653206,LRIASRLAR_APC MHCLE_Homo sapiens
7.9926167,0.3989272,TFLAQHASL_APC MHCLE_Homo sapiens
8.844176,0.028463174,FYELEPEKF_APC MHCLE_Homo sapiens
9.091605,0.27668437,ASLPLRVSF_APC MHCLE_Homo sapiens
6.8610573,-1.0272478,EYNSDLHQF_APC MHCLE_Homo sapiens
7.2002826,0.08079538,FANTRLQSV_APC MHCLE_Homo sapiens
7.6192894,-2.0356295,DFDQLLEAL_APC MHCLE_Homo sapiens
6.595026,-3.253412,LYERPPHLY_APC MHCLE_Homo sapiens
7.5690947,-0.11409159,IYGDVLYFL_APC MHCLE_Homo sapiens
6.308695,-1.380607,VAAVREFYL_APC MHCLE_Homo sapiens
7.2077556,-0.48452237,MGNSRGNTW_APC MHCLE_Homo sapiens
7.750582,0.335127,RTVALTALL_APC MHCLE_Homo sapiens
7.140022,-2.7254536,REGDYVLFH_APC MHCLE_Homo sapiens
7.0455675,-0.19250092,VLKKHTEYL_APC MHCLE_Homo sapiens
6.537875,-1.9349211,RQDARSVHL_APC MHCLE_Homo sapiens
6.276196,0.7938207,HQVPAVSSV_APC MHCLE_Homo sapiens
5.4921646,-1.132649,RTVPVFESV_APC MHCLE_Homo sapiens
7.388954,-1.9524744,ALFQIEQGI_APC MHCLE_Homo sapiens
6.661629,-1.9137475,NASEDRLEL_APC MHCLE_Homo sapiens
7.6401267,0.73260087,HPNAKVLLH_APC MHCLE_Homo sapiens
7.084787,-2.2896898,VEDINRVFL_infectious_Human alphaherpesvirus 3
6.9060707,-0.82462245,ALGGGATGV_infectious_Mycobacterium tuberculosis
5.1411777,-1.8942124,GVYFASTEK_infectious_Severe acute respiratory syndrome coronavirus 2
5.6184325,-1.5381036,SLVKPSFYV_infectious_Severe acute respiratory syndrome coronavirus 2
6.5558767,-1.8192432,YAGIADRLV_infectious_Mycobacterium tuberculosis
6.4677877,-2.5460494,AYLPRPVEF_infectious_Human alphaherpesvirus 1
6.723425,-2.131844,TLADFDPRV_cancer_Homo sapiens
5.4675894,-1.7447166,LLYGYPVYV_infectious_Primate T-lymphotropic virus 2
6.5275655,-1.6554691,AYVSVLYRW_infectious_Human alphaherpesvirus 1
7.4336414,-2.89873,WVQGHYLEY_cancer_Homo sapiens
5.4586444,-2.306573,ILMHCQTTL_autoimmune_Homo sapiens
5.9017143,-2.6260982,ELLRPTTLV_infectious_Trypanosoma cruzi
8.374266,-0.42896163,TLGIVCPIC_infectious_Alphapapillomavirus 9
6.6409316,0.35288662,SAGPPSLRK_cancer_Homo sapiens
7.8356953,0.23577574,FARAHPLMF_cancer_Homo sapiens
8.431848,0.7535577,ELFDSLFPV_cancer_Homo sapiens
6.1799827,-2.1665215,ALSLAAVLV_infectious_Trypanosoma cruzi
6.4986835,-0.5774101,LPIHTAELL_infectious_Hepatitis B virus
8.647144,0.43022412,AQNRWLHIY_cancer_Homo sapiens
5.728106,-2.7365932,WLLWPVTLA_infectious_Severe acute respiratory syndrome coronavirus 2
6.30486,-1.6288048,ILKDFSILL_autoimmune_Homo sapiens
7.1843863,-1.4782014,IMNDMPIYM_cancer_Homo sapiens
5.578606,-2.3015308,VVRDLRLRA_infectious_Mycobacterium leprae
6.243325,-2.7198439,NLFETPVEA_cancer_Homo sapiens
6.08159,-2.232211,IIFNNNPEL_cancer_Homo sapiens
7.83453,-1.2102621,NVMLVTLPV_infectious_Trypanosoma cruzi
6.9247637,0.44821683,KEESVESSL_cancer_Homo sapiens
6.02432,-2.0455387,QFAPSASAF_infectious_Severe acute respiratory syndrome coronavirus 2
7.4015474,-1.21831,YFPLQSYGF_infectious_Severe acute respiratory syndrome coronavirus 2
8.865011,1.0595833,ALQAIELQL_infectious_Alphapapillomavirus 9
8.352051,1.082545,EALYLVCGE_autoimmune_Homo sapiens
6.930605,-3.415501,VTEHDTLLY_infectious_Human betaherpesvirus 5
6.6373434,-2.7971952,VATSRTLSY_infectious_Severe acute respiratory syndrome coronavirus 2
5.3948736,-1.9576167,QQQGQTVTK_infectious_Severe acute respiratory syndrome coronavirus 2
6.026518,-3.0632846,KYIFPGGLL_infectious_Mycobacterium tuberculosis
6.170747,-1.8369149,AAAAAIFVI_autoimmune_Homo sapiens
6.430451,-0.59873015,KLIGTDNSV_infectious_Hepatitis B virus
6.725976,-1.2190831,ILGALLSIL_autoimmune_Homo sapiens
7.705547,-1.6321493,CFTERLEDL_cancer_Homo sapiens
8.069822,-1.7862425,FPSLREAAL_cancer_Homo sapiens
5.044537,-1.3672049,RPVPVSTAR_infectious_Mycobacterium leprae
6.3568935,-2.6921067,GMFANRWII_infectious_Mycobacterium tuberculosis
8.605045,0.405048,KLIPRNTVV_autoimmune_Homo sapiens
5.8243146,-0.5612924,GTFTIKSDV_cancer_Homo sapiens
