linear_sequence,protein_id,protein_length,stated_start,stated_end,residues_at_stated,n_occurrences,suggested_start,offset
APHSALAAL,690e276c1733,658,614,622,YPARAHTFD,1,600,-14
DSQPFALPY,690e276c1733,658,59,67,PFASDIPAA,1,45,-14
FSYSDLSRE,47393e8ef940,591,110,118,LNSYTTPSK,1,440,330
GSLLAATEK,9b74195ee18f,104,101,109,MIMN,1,82,-19
KSGTIFDNF,06141e3ef19d,378,107,115,GGYVKLFPN,1,322,215
KTFYVLPLR,690e276c1733,658,546,554,WEAGTTKAG,1,532,-14
LSSPVTKSF,4e5a8373836a,107,93,101,GLSSPVTKS,1,94,1
MAFANSPWV,3ea35c787fd1,242,58,66,EVQLVRHKA,1,97,39
QQYSKTFYV,690e276c1733,658,542,550,KLSFWEAGT,1,528,-14
RVQAASFGTFEQWVV,95502e965154,2896,240,254,QFAHSAVEMAVWEAE,1,487,247
RVQAASFGTFEQWVV,95502e965154,2896,240,254,QFAHSAVEMAVWEAE,1,487,247
SPASSRTDL,0733d2698e12,698,198,206,DSGRKDSEV,1,171,-27
YVSDTVTFV,690e276c1733,658,505,513,AQGVSRSLD,1,491,-14
